no,Species,Genera,Genera2,Habit,Habit2,Origin,Biogeo,Diet,Reproduction,Data
1,Adelophis_foxi,Adelophis,Adelophis,Burrowing,Burrowing,American,Nearctic,earthworms,Viviparous,GenBank
2,Afronatrix_anoscopus_1,Afronatrix,Afronatrix,Aquatic,Aquatic,African,Africa,aquatic generalist,Oviparous,Current study
3,Afronatrix_anoscopus_2,Afronatrix,Afronatrix,Aquatic,Aquatic,African,Africa,aquatic generalist,Oviparous,GenBank
4,Afronatrix_anoscopus_3,Afronatrix,Afronatrix,Aquatic,Aquatic,African,Africa,aquatic generalist,Oviparous,Current study
5,Amphiesma_beddomei,Beddomei,Beddomei,Terrestrial,Terrestrial,Asian,Western Ghats,anurans,Oviparous,Current study
6,Amphiesma_monticola,Amphiesma,Amphiesma,Terrestrial,Terrestrial,Asian,Western Ghats,anurans,Oviparous,Current study
7,Amphiesma_stolatum_1,Amphiesma,Amphiesma,Terrestrial,Terrestrial,Asian,Indomalayan,generalist,Oviparous,Current study
8,Amphiesma_stolatum_2,Amphiesma,Amphiesma,Terrestrial,Terrestrial,Asian,Sri Lanka,generalist,Oviparous,Current study
9,Amphiesma_stolatum_3,Amphiesma,Amphiesma,Terrestrial,Terrestrial,Asian,Indomalayan,generalist,Oviparous,Current study
10,Amphiesma_stolatum_WII,Amphiesma,Amphiesma,Terrestrial,Terrestrial,Asian,India,generalist,Oviparous,Current study
11,Amphiesmoides_ornaticeps,Amphiesmoides,NA,Semiaquatic,Semiaquatic,Asian,Indomalayan,anurans,Oviparous,Current study
12,Aspidura_ceylonensis,Aspidura,Aspidura,Burrowing,Burrowing,Asian,Sri Lanka,earthworms,Oviparous,GenBank
13,Aspidura_drummondhayi,Aspidura,Aspidura,,,Asian,Sri Lanka,,Oviparous,GenBank
14,Aspidura_guentheri,Aspidura,Aspidura,Burrowing,Burrowing,Asian,Sri Lanka,earthworms,Oviparous,GenBank
15,Aspidura_trachyprocta,Aspidura,Aspidura,Burrowing,Burrowing,Asian,Sri Lanka,earthworms,Oviparous,GenBank
16,Atretium_schistosum_1,Atretium,Atretium,Aquatic,Aquatic,Asian,India,aquatic generalist,Oviparous,GenBank
17,Atretium_schistosum_2,Atretium,Atretium,Aquatic,Aquatic,Asian,Sri Lanka,aquatic generalist,Oviparous,GenBank
18,Blythia_hmuifang,Blythia,NA,Burrowing,Burrowing,Asian,Indomalayan,earthworms, ,GenBank
19,Blythia_reticulata,Blythia,NA,Burrowing,Burrowing,Asian,Indomalayan,earthworms,Oviparous,GenBank
20,Blythia_sp,Blythia,NA,Burrowing,Burrowing,Asian,Indomalayan,earthworms, ,Current study
21,Clonophis_kirtlandii,Clonophis,Clonophis,Semiaquatic,Semiaquatic,American,Nearctic,generalist,Viviparous,GenBank
22,Fowlea_asperrimus,Fowlea,Fowlea,Aquatic,Aquatic,African,Sri Lanka,aquatic generalist,Oviparous,GenBank
23,Fowlea_flavipunctatus_1,Fowlea,Fowlea,Aquatic,Aquatic,Asian,Indomalayan,aquatic generalist,Oviparous,GenBank
24,Fowlea_flavipunctatus_2,Fowlea,Fowlea,Aquatic,Aquatic,Asian,Indomalayan,aquatic generalist,Oviparous,GenBank
25,Fowlea_piscator_1,Fowlea,Fowlea,Aquatic,Aquatic,Asian,Indomalayan,aquatic generalist,Oviparous,Current study
26,Fowlea_piscator_2,Fowlea,Fowlea,Aquatic,Aquatic,Asian,Indomalayan,aquatic generalist,Oviparous,Current study
27,Fowlea_piscator_3,Fowlea,Fowlea,Aquatic,Aquatic,Asian,Indomalayan,aquatic generalist,Oviparous,Current study
28,Fowlea_piscator_4,Fowlea,Fowlea,Aquatic,Aquatic,Asian,Sri Lanka,aquatic generalist,Oviparous,GenBank
29,Fowlea_punctulatus,Fowlea,Fowlea,Aquatic,Aquatic,Asian,Indomalayan, ,Oviparous,GenBank
30,Fowlea_sanctijohannis,Fowlea,Fowlea,Aquatic,Aquatic,Asian,Indomalayan + India,aquatic generalist,Oviparous,Current study
31,Fowlea_schnurrenbergeri,Fowlea,Fowlea,Aquatic,Aquatic,Asian,Indomalayan,aquatic generalist,Oviparous,GenBank
32,Fowlea_sp2,Fowlea,Fowlea,Aquatic,Aquatic,Asian,Western Ghats,aquatic generalist,Oviparous,Current study
33,Fowlea_tytleri,Fowlea,Fowlea,Aquatic,Aquatic,Asian,Malayan,aquatic generalist,Oviparous,GenBank
34,Fowlea_yunnanensis,Fowlea,Fowlea,Aquatic,Aquatic,Asian,Indomalayan,aquatic generalist,Oviparous,GenBank
35,Haldea_striatula,Haldea,Haldea,Burrowing,Burrowing,American,Nearctic,earthworms,Viviparous,GenBank
36,Hebius_andreae,Hebius,Hebius,Terrestrial,Terrestrial,Asian,Indomalayan, ,Oviparous,GenBank
37,Hebius_annamensis,Hebius,Hebius,,,Asian,Indomalayan, , ,Current study
38,Hebius_atemporale_1,Hebius,Hebius,Terrestrial,Terrestrial,Asian,Indomalayan, ,Oviparous,Current study
39,Hebius_atemporale_2,Hebius,Hebius,Terrestrial,Terrestrial,Asian,Indomalayan, ,Oviparous,Current study
40,Hebius_atemporale_3,Hebius,Hebius,Terrestrial,Terrestrial,Asian,Indomalayan, ,Oviparous,Current study
41,Hebius_atemporale_4,Hebius,Hebius,Terrestrial,Terrestrial,Asian,Indomalayan, ,Oviparous,GenBank
42,Hebius_bitaeniatum_1,Hebius,Hebius,Terrestrial,Terrestrial,Asian,Indomalayan,anurans,Oviparous,GenBank
43,Hebius_bitaeniatum_2,Hebius,Hebius,Terrestrial,Terrestrial,Asian,Indomalayan,anurans,Oviparous,GenBank
44,Hebius_bitaeniatum_3,Hebius,Hebius,Terrestrial,Terrestrial,Asian,Indomalayan,anurans,Oviparous,GenBank
45,Hebius_bitaeniatum_4,Hebius,Hebius,Terrestrial,Terrestrial,Asian,Indomalayan,anurans,Oviparous,GenBank
46,Hebius_boulengeri_1,Hebius,Hebius,Terrestrial,Terrestrial,Asian,Indomalayan, ,Oviparous,Current study
47,Hebius_boulengeri_2,Hebius,Hebius,Terrestrial,Terrestrial,Asian,Indomalayan, ,Oviparous,GenBank
48,Hebius_cf._boulengeri,Hebius,Hebius,Terrestrial,Terrestrial,Asian,Indomalayan, ,Oviparous,Current study
49,Hebius_chapaensis,Hebius,Hebius,Semiaquatic,Semiaquatic,Asian,Indomalayan, ,Oviparous,Current study
50,Hebius_concelarum,Hebius,Hebius,Semiaquatic,Semiaquatic,Asian,Palearctic, ,Oviparous,GenBank
51,Hebius_craspedogaster_1,Hebius,Hebius,Semiaquatic,Semiaquatic,Asian,Indomalayan,anurans,Oviparous,GenBank
52,Hebius_craspedogaster_2,Hebius,Hebius,Semiaquatic,Semiaquatic,Asian,Indomalayan,anurans,Oviparous,GenBank
53,Hebius_craspedogaster_3,Hebius,Hebius,Semiaquatic,Semiaquatic,Asian,Indomalayan,anurans,Oviparous,GenBank
54,Hebius_deschauenseei_1,Hebius,Hebius,Terrestrial,Terrestrial,Asian,Indomalayan, ,Oviparous,Current study
55,Hebius_deschauenseei_2,Hebius,Hebius,Terrestrial,Terrestrial,Asian,Indomalayan, ,Oviparous,GenBank
56,Hebius_ishigakiensis,Hebius,Hebius,Semiaquatic,Semiaquatic,Asian,Palearctic,anurans,Oviparous,GenBank
57,Hebius_johannis,Hebius,Hebius,Semiaquatic,Semiaquatic,Asian,Indomalayan,fish,Oviparous,GenBank
58,Hebius_khasiense_1,Hebius,Hebius,Semiaquatic,Semiaquatic,Asian,Indomalayan,generalist,Oviparous,Current study
59,Hebius_khasiense_2,Hebius,Hebius,Semiaquatic,Semiaquatic,Asian,Indomalayan,generalist,Oviparous,GenBank
60,Hebius_khasiense_3,Hebius,Hebius,Semiaquatic,Semiaquatic,Asian,Indomalayan,generalist,Oviparous,GenBank
61,Hebius_leucomystax,Hebius,Hebius,Semiaquatic,Semiaquatic,Asian,Indomalayan,anurans,Oviparous,GenBank
62,Hebius_metusium,Hebius,Hebius,,,Asian,Indomalayan,,Oviparous,GenBank
63,Hebius_modestum,Hebius,Hebius,Terrestrial,Terrestrial,Asian,Indomalayan,anurans,Oviparous,Current study
64,Hebius_octolineatum_1,Hebius,Hebius,Terrestrial,Terrestrial,Asian,Indomalayan,anurans,Oviparous,GenBank
65,Hebius_octolineatum_2,Hebius,Hebius,Terrestrial,Terrestrial,Asian,Indomalayan,anurans,Oviparous,GenBank
66,Hebius_octolineatum_3,Hebius,Hebius,Terrestrial,Terrestrial,Asian,Indomalayan,anurans,Oviparous,GenBank
67,Hebius_optatum_1,Hebius,Hebius,Semiaquatic,Semiaquatic,Asian,Indomalayan,fish,Oviparous,GenBank
68,Hebius_optatum_2,Hebius,Hebius,Semiaquatic,Semiaquatic,Asian,Indomalayan,fish,Oviparous,GenBank
69,Hebius_parallelum,Hebius,Hebius,Semiaquatic,Semiaquatic,Asian,Indomalayan,generalist,Oviparous,GenBank
70,Hebius_popei_1,Hebius,Hebius,Semiaquatic,Semiaquatic,Asian,Indomalayan,anurans,Oviparous,GenBank
71,Hebius_popei_2,Hebius,Hebius,Semiaquatic,Semiaquatic,Asian,Indomalayan,anurans,Oviparous,GenBank
72,Hebius_pryeri_1,Hebius,Hebius,Semiaquatic,Semiaquatic,Asian,Palearctic,anurans,Oviparous,GenBank
73,Hebius_pryeri_2,Hebius,Hebius,Semiaquatic,Semiaquatic,Asian,Palearctic,generalist,Oviparous,GenBank
74,Hebius_sauteri_1,Hebius,Hebius,Terrestrial,Terrestrial,Asian,Indomalayan,generalist,Oviparous,GenBank
75,Hebius_sauteri_2,Hebius,Hebius,Terrestrial,Terrestrial,Asian,Indomalayan,generalist,Oviparous,GenBank
76,Hebius_sp,Hebius,Hebius,Semiaquatic,Semiaquatic,Asian,Indomalayan, , ,GenBank
77,Hebius_sp1,Hebius,Hebius,Semiaquatic,Semiaquatic,Asian,Indomalayan, , ,Current study
78,Hebius_sp2,Hebius,Hebius,Semiaquatic,Semiaquatic,Asian,Indomalayan, , ,Current study
79,Hebius_sp4,Hebius,Hebius,Semiaquatic,Semiaquatic,Asian,Indomalayan, , ,Current study
80,Hebius_taronense,Hebius,Hebius,Semiaquatic,Semiaquatic,Asian,Indomalayan,anurans, ,Current study
81,Hebius_venningi_1,Hebius,Hebius,Semiaquatic,Semiaquatic,Asian,Indomalayan,anurans,Oviparous,Current study
82,Hebius_venningi_2,Hebius,Hebius,Semiaquatic,Semiaquatic,Asian,Indomalayan,anurans,Oviparous,GenBank
83,Hebius_venningi_3,Hebius,Hebius,Semiaquatic,Semiaquatic,Asian,Indomalayan,anurans,Oviparous,GenBank
84,Hebius_venningi_4,Hebius,Hebius,Semiaquatic,Semiaquatic,Asian,Indomalayan,anurans,Oviparous,GenBank
85,Hebius_vibakari_1,Hebius,Hebius,Terrestrial,Terrestrial,Asian,Indomalayan,generalist,Oviparous,GenBank
86,Hebius_vibakari_2,Hebius,Hebius,Terrestrial,Terrestrial,Asian,Palearctic,generalist,Oviparous,GenBank
87,Hebius_yanbianensis,Hebius,Hebius,Terrestrial,Terrestrial,Asian,Indomalayan,, ,GenBank
88,Helophis_schoutedeni,Helophis,Helophis,Aquatic,Aquatic,African,Africa,, ,Current study
89,Herpetoreas_burbrinki,Herpetoreas,Herpetoreas,Terrestrial,Terrestrial,Asian,Indomalayan,, ,GenBank
90,Herpetoreas_pealii,Herpetoreas,Herpetoreas,Semiaquatic,Semiaquatic,Asian,Indomalayan,,Oviparous,Current study
91,Herpetoreas_platyceps,Herpetoreas,Herpetoreas,Terrestrial,Terrestrial,Asian,Indomalayan,lizards,Oviparous,Current study
92,Herpetoreas_sp,Herpetoreas,Herpetoreas,Terrestrial,Terrestrial,Asian,Indomalayan, ,Oviparous,Current study
93,Herpetoreas_sp1,Herpetoreas,Herpetoreas,Terrestrial,Terrestrial,Asian,Indomalayan,generalist,Oviparous,Current study
94,Herpetoreas_xenura,Herpetoreas,Herpetoreas,Terrestrial,Terrestrial,Asian,Indomalayan,generalist,Oviparous,GenBank
95,Hydraethiops_melanogaster,Hydraethiops,Hydraethiops,Aquatic,Aquatic,African,Africa,aquatic generalist,Oviparous,Current study
96,Limnophis_bangweolicus,Limnophis,Limnophis,Aquatic,Aquatic,African,Africa,fish, ,Current study
97,Limnophis_bicolor,Limnophis,Limnophis,Aquatic,Aquatic,African,Africa,fish,Oviparous,Current study
98,Limnophis_cf_bangweolicus,Limnophis,Limnophis,Aquatic,Aquatic,African,Africa,fish, ,Current study
99,Liodytes_alleni,Liodytes,Liodytes,Aquatic,Aquatic,American,Nearctic,crayfish,Viviparous,GenBank
100,Liodytes_pygaea,Liodytes,Liodytes,Aquatic,Aquatic,American,Nearctic,aquatic generalist,Viviparous,GenBank
101,Liodytes_rigida,Liodytes,Liodytes,Aquatic,Aquatic,American,Nearctic,crayfish,Viviparous,GenBank
102,Lycognathophis_seychellensis,Lycognathophis,Lycognathophis,Terrestrial,Terrestrial,African,Africa,lizards,Oviparous,Current study
103,Pseudoagkistrodon_rudis,Pseudoagkistrodon,M_rudis,Terrestrial,Terrestrial,Asian,Indomalayan,generalist,Viviparous,GenBank
104,Natriciteres_fuliginoides,Natriciteres,Natriciteres,Semiaquatic,Semiaquatic,African,Africa,anurans,Oviparous,Current study
105,Natriciteres_olivacea_1,Natriciteres,Natriciteres,Semiaquatic,Semiaquatic,African,Africa,anurans,Oviparous,Current study
106,Natriciteres_olivacea_2,Natriciteres,Natriciteres,Semiaquatic,Semiaquatic,African,Africa,anurans,Oviparous,Current study
107,Natriciteres_sylvatica_1,Natriciteres,Natriciteres,Semiaquatic,Semiaquatic,African,Africa,generalist,Oviparous,Current study
108,Natriciteres_sylvatica_2,Natriciteres,Natriciteres,Semiaquatic,Semiaquatic,African,Africa,generalist,Oviparous,Current study
109,Natriciteres_sylvatica_3,Natriciteres,Natriciteres,Semiaquatic,Semiaquatic,African,Africa,generalist,Oviparous,Current study
110,Natrix_astreptophora,Natrix,Natrix,Semiaquatic,Semiaquatic,Asian-European,Palearctic,generalist,Oviparous,GenBank
111,Natrix_cetti,Natrix,Natrix,Semiaquatic,Semiaquatic,Asian-European,Palearctic,generalist,Oviparous,GenBank
112,Natrix_helvatica,Natrix,Natrix,Semiaquatic,Semiaquatic,Asian-European,Palearctic,generalist,Oviparous,GenBank
113,Natrix_maura_1,Natrix,Natrix,Semiaquatic,Semiaquatic,Asian-European,Palearctic,aquatic generalist,Oviparous,GenBank
114,Natrix_maura_2,Natrix,Natrix,Semiaquatic,Semiaquatic,Asian-European,Palearctic,aquatic generalist,Oviparous,GenBank
115,Natrix_natrix,Natrix,Natrix,Semiaquatic,Semiaquatic,Asian-European,Palearctic,generalist,Oviparous,GenBank
116,Natrix_natrix_persa,Natrix,Natrix,Semiaquatic,Semiaquatic,Asian-European,Palearctic,generalist,Oviparous,GenBank
117,Natrix_tessellata_1,Natrix,Natrix,Aquatic,Aquatic,Asian-European,Palearctic,aquatic generalist,Oviparous,GenBank
118,Natrix_tessellata_2,Natrix,Natrix,Aquatic,Aquatic,Asian-European,Palearctic,aquatic generalist,Oviparous,GenBank
119,Natrix_tessellata_3,Natrix,Natrix,Aquatic,Aquatic,Asian-European,Palearctic,aquatic generalist,Oviparous,GenBank
120,Nerodia_clarkii,Nerodia,Nerodia,Aquatic,Aquatic,American,Nearctic,aquatic generalist,Viviparous,GenBank
121,Nerodia_cyclopion,Nerodia,Nerodia,Aquatic,Aquatic,American,Nearctic,aquatic generalist,Viviparous,GenBank
122,Nerodia_erythrogaster,Nerodia,Nerodia,Aquatic,Aquatic,American,Nearctic,aquatic generalist,Viviparous,GenBank
123,Nerodia_fasciata,Nerodia,Nerodia,Aquatic,Aquatic,American,Nearctic,aquatic generalist,Viviparous,GenBank
124,Nerodia_floridana,Nerodia,Nerodia,Aquatic,Aquatic,American,Nearctic,aquatic generalist,Viviparous,GenBank
125,Nerodia_harteri,Nerodia,Nerodia,Aquatic,Aquatic,American,Nearctic,aquatic generalist,Viviparous,GenBank
126,Nerodia_paucimaculata,Nerodia,Nerodia,Aquatic,Aquatic,American,Nearctic,aquatic generalist,Viviparous,GenBank
127,Nerodia_rhombifer,Nerodia,Nerodia,Aquatic,Aquatic,American,Nearctic,aquatic generalist,Viviparous,GenBank
128,Nerodia_sipedon,Nerodia,Nerodia,Aquatic,Aquatic,American,Nearctic,aquatic generalist,Viviparous,GenBank
129,Nerodia_taxispilota,Nerodia,Nerodia,Aquatic,Aquatic,American,Nearctic,aquatic generalist,Viviparous,GenBank
130,Opisthotropis_andersonii_1,Opisthotropis,Opisthotropis,Aquatic,Aquatic Burrowing,Asian-European,Indomalayan,aquatic generalist,Oviparous,GenBank
131,Opisthotropis_andersonii_2,Opisthotropis,Opisthotropis,Aquatic,Aquatic Burrowing,Asian,Indomalayan,aquatic generalist,Oviparous,GenBank
132,Opisthotropis_cheni,Opisthotropis,Opisthotropis,Aquatic,Aquatic Burrowing,Asian,Indomalayan, ,Oviparous,GenBank
133,Opisthotropis_daovantieni,Opisthotropis,Opisthotropis,Aquatic,Aquatic Burrowing,Asian,Indomalayan, ,Oviparous,Current study
134,Opisthotropis_durandi,Opisthotropis,Opisthotropis,Aquatic,Aquatic Burrowing,Asian,Indomalayan, ,Oviparous,GenBank
135,Opisthotropis_guangxiensis,Opisthotropis,Opisthotropis,Aquatic,Aquatic Burrowing,Asian,Indomalayan, ,Oviparous,GenBank
136,Opisthotropis_haihaensis,Opisthotropis,Opisthotropis,Aquatic,Aquatic Burrowing,Asian,Indomalayan, ,Oviparous,GenBank
137,Opisthotropis_jacobi,Opisthotropis,Opisthotropis,Aquatic,Aquatic Burrowing,Asian,Indomalayan,earthworms,Oviparous,GenBank
138,Opisthotropis_kuatunensis,Opisthotropis,Opisthotropis,Aquatic,Aquatic Burrowing,Asian,Indomalayan,aquatic generalist,Oviparous,GenBank
139,Opisthotropis_lateralis_1,Opisthotropis,Opisthotropis,Aquatic,Aquatic Burrowing,Asian,Indomalayan,aquatic generalist,Oviparous,Current study
140,Opisthotropis_lateralis_2,Opisthotropis,Opisthotropis,Aquatic,Aquatic Burrowing,Asian,Indomalayan,aquatic generalist,Oviparous,GenBank
141,Opisthotropis_latouchii,Opisthotropis,Opisthotropis,Aquatic,Aquatic Burrowing,Asian,Indomalayan,earthworms,Oviparous,GenBank
142,Opisthotropis_laui,Opisthotropis,Opisthotropis,Aquatic,Aquatic Burrowing,Asian,Indomalayan, ,Oviparous,GenBank
143,Opisthotropis_maculosa,Opisthotropis,Opisthotropis,Aquatic,Aquatic Burrowing,Asian,Indomalayan, ,Oviparous,GenBank
144,Opisthotropis_maxwelli,Opisthotropis,Opisthotropis,Aquatic,Aquatic Burrowing,Asian,Indomalayan, ,Oviparous,GenBank
145,Opisthotropis_shenzhenensis,Opisthotropis,Opisthotropis,Aquatic,Aquatic Burrowing,Asian,Indomalayan, ,Oviparous,GenBank
146,Opisthotropis_typica,Opisthotropis,Opisthotropis,Aquatic,Aquatic Burrowing,Asian,Indomalayan,aquatic generalist,Oviparous,GenBank
147,Opisthotropis_voquyi,Opisthotropis,Opisthotropis,Aquatic,Aquatic Burrowing,Asian,Indomalayan, ,Oviparous,Current study
148,Opisthotropis_zhaoermii,Opisthotropis,Opisthotropis,Aquatic,Aquatic Burrowing,Asian,Indomalayan,earthworms,Oviparous,GenBank
149,Paratapinophis_praemaxillaris,Paratapinophis,Paratapinophis,Aquatic,Aquatic,Asian,Indomalayan,fish,Oviparous,Current study
150,Regina_grahami,Regina,Regina,Aquatic,Aquatic,American,Nearctic,crayfish,Viviparous,GenBank
151,Regina_septemvittata,Regina,Regina,Aquatic,Aquatic,American,Nearctic,crayfish,Viviparous,GenBank
152,Rhabdophis_adleri_1,Rhabdophis_A,Rhabdophis_A,Terrestrial,Terrestrial,Asian,Indomalayan,generalist,Oviparous,GenBank
153,Rhabdophis_adleri_2,Rhabdophis_A,Rhabdophis_A,Terrestrial,Terrestrial,Asian,Indomalayan,generalist,Oviparous,GenBank
154,Rhabdophis_auriculata,Rhabdophis_B,Rhabdophis_B,Semiaquatic,Semiaquatic,Asian,Malayan,anurans,Oviparous,Current study
155,Rhabdophis_callichromus,Rhabdophis_A,Rhabdophis_A,Terrestrial,Terrestrial,Asian,Indomalayan, ,Oviparous,GenBank
156,Rhabdophis_ceylonensis,Rhabdophis_A,Rhabdophis_A,Terrestrial,Terrestrial,Asian,Sri Lanka,generalist,Oviparous,GenBank
157,Rhabdophis_chrysargos_1,Rhabdophis_B,Rhabdophis_B,Semiaquatic,Semiaquatic,Asian,Malayan,generalist,Oviparous,GenBank
158,Rhabdophis_chrysargos_2,Rhabdophis_B,Rhabdophis_B,Semiaquatic,Semiaquatic,Asian,Indomalayan,generalist,Oviparous,Current study
159,Rhabdophis_chrysargos_3,Rhabdophis_B,Rhabdophis_B,Semiaquatic,Semiaquatic,Asian,Malayan,generalist,Oviparous,Current study
160,Rhabdophis_conspicillatus,Rhabdophis_B,Rhabdophis_B,Terrestrial,Terrestrial,Asian,Malayan, ,Oviparous,GenBank
161,Rhabdophis_flaviceps,Rhabdophis_A,Rhabdophis_A,Semiaquatic,Semiaquatic,Asian,Malayan,generalist,Oviparous,GenBank
162,Rhabdophis_formosanus,Rhabdophis_A,Rhabdophis_A,Semiaquatic,Semiaquatic,Asian,Indomalayan,generalist,Oviparous,GenBank
163,Rhabdophis_guangdongensis,Rhabdophis_A,Rhabdophis_A,,,Asian,Indomalayan, ,Oviparous,GenBank
164,Rhabdophis_himalayanus_1,Rhabdophis_A,Rhabdophis_A,Semiaquatic,Semiaquatic,Asian,Indomalayan,generalist,Oviparous,Current study
165,Rhabdophis_himalayanus_2,Rhabdophis_A,Rhabdophis_A,Semiaquatic,Semiaquatic,Asian,Indomalayan,generalist,Oviparous,Current study
166,Rhabdophis_leonardi,Rhabdophis_A,Rhabdophis_A,,,Asian,Indomalayan, ,Oviparous,Current study
167,Rhabdophis_murudensis,Rhabdophis_A,Rhabdophis_A,Terrestrial,Terrestrial,Asian,Malayan,anurans,Oviparous,GenBank
168,Rhabdophis_nigrocinctus,Rhabdophis_A,Rhabdophis_A,Terrestrial,Terrestrial,Asian,Indomalayan,generalist,Oviparous,Current study
169,Rhabdophis_nuchalis_1,Rhabdophis_A,Rhabdophis_A,Terrestrial,Terrestrial,Asian,Indomalayan,generalist,Oviparous,Current study
170,Rhabdophis_nuchalis_2,Rhabdophis_A,Rhabdophis_A,Terrestrial,Terrestrial,Asian,Indomalayan,generalist,Oviparous,Current study
171,Rhabdophis_nuchalis_3,Rhabdophis_A,Rhabdophis_A,Terrestrial,Terrestrial,Asian,Indomalayan,generalist,Oviparous,GenBank
172,Rhabdophis_pentasupralabialis_1,Rhabdophis_A,Rhabdophis_A,,,Asian,Indomalayan,generalist,Oviparous,Current study
173,Rhabdophis_pentasupralabialis_2,Rhabdophis_A,Rhabdophis_A,,,Asian,Indomalayan,generalist,Oviparous,GenBank
174,Rhabdophis_plumbicolor,Rhabdophis_A,Rhabdophis_A,Terrestrial,Terrestrial,Asian,India,anurans,Oviparous,Current study
175,Rhabdophis_rhodomelas,Rhabdophis_A,Macropisthodon_A,Semiaquatic,Semiaquatic,Asian,Malayan,generalist,Oviparous,GenBank
176,Rhabdophis_subminiatus_1,Rhabdophis_A,Rhabdophis_A,Semiaquatic,Semiaquatic,Asian,Indomalayan,anurans,Oviparous,Current study
177,Rhabdophis_subminiatus_2,Rhabdophis_A,Rhabdophis_A,Semiaquatic,Semiaquatic,Asian,Indomalayan,anurans,Oviparous,GenBank
178,Rhabdophis_swinhonis_1,Rhabdophis_A,Rhabdophis_A,Semiaquatic,Semiaquatic,Asian,Indomalayan,anurans,Oviparous,GenBank
179,Rhabdophis_swinhonis_2,Rhabdophis_A,Rhabdophis_A,Semiaquatic,Semiaquatic,Asian,Indomalayan,anurans,Oviparous,GenBank
180,Rhabdophis_tigrinus,Rhabdophis_A,Rhabdophis_A,Terrestrial,Terrestrial,Asian,Palearctic,generalist,Oviparous,GenBank
181,Rhabdophis_tigrinus_lateralis,Rhabdophis_A,Rhabdophis_A,Terrestrial,Terrestrial,Asian,Indomalayan,generalist,Oviparous,GenBank
182,Rhabdops_aquaticus,Rhabdops,Rhabdops,Aquatic,Aquatic Burrowing,Asian,Western Ghats,earthworms,Oviparous,GenBank
183,Rhabdops_olivaceous,Rhabdops,Rhabdops,Aquatic,Aquatic Burrowing,Asian,Western Ghats,aquatic generalist,Oviparous,Current study
184,Sinonatrix_aequifasciata,Sinonatrix,Sinonatrix,Aquatic,Aquatic,Asian,Indomalayan,aquatic generalist,Oviparous,GenBank
185,Sinonatrix_annularis,Sinonatrix,Sinonatrix,Aquatic,Aquatic,Asian,Palearctic,aquatic generalist,Viviparous,GenBank
186,Sinonatrix_balteata,Sinonatrix,Sinonatrix,Aquatic,Aquatic Burrowing,Asian,Indomalayan,fish,Oviparous,GenBank
187,Sinonatrix_cf._aequifasciata,Sinonatrix,Sinonatrix,Aquatic,Aquatic,Asian,Indomalayan,aquatic generalist,Oviparous,Current study
188,Sinonatrix_percarinata,Sinonatrix,Sinonatrix,Aquatic,Aquatic,Asian,Indomalayan,aquatic generalist,Oviparous,GenBank
189,Sinonatrix_yapingi,Sinonatrix,Sinonatrix,Aquatic,Aquatic,Asian,Indomalayan, ,Oviparous,GenBank
190,Smithophis_atemporalis,Smithophis,Smithophis,Aquatic,Aquatic Burrowing,Asian,Indomalayan,generalist,Oviparous,GenBank
191,Smithophis_bicolor,Smithophis,Smithophis,Aquatic,Aquatic Burrowing,Asian,Indomalayan,earthworms,Oviparous,GenBank
192,Smithophis_sp,Smithophis,Smithophis,Aquatic,Aquatic Burrowing,Asian,Indomalayan,earthworms,Oviparous,GenBank
193,Storeria_dekayi,Storeria,Storeria,Burrowing,Burrowing,American,Nearctic,mollusc,Viviparous,GenBank
194,Storeria_occipitomaculata,Storeria,Storeria,Burrowing,Burrowing,American,Nearctic,mollusc,Viviparous,GenBank
195,Storeria_storerioides,Storeria,Storeria,Burrowing,Burrowing,American,Neotropic,mollusc,Viviparous,GenBank
196,Thamnophis_atratus,Thamnophis,Thamnophis,Semiaquatic,Semiaquatic,American,Nearctic,aquatic generalist,Viviparous,GenBank
197,Thamnophis_bogerti,Thamnophis,Thamnophis,Semiaquatic,Semiaquatic,American,Nearctic,generalist,Viviparous,GenBank
198,Thamnophis_brachystoma,Thamnophis,Thamnophis,Terrestrial,Terrestrial,American,Nearctic,earthworms,Viviparous,Current study
199,Thamnophis_butleri,Thamnophis,Thamnophis,Semiaquatic,Semiaquatic,American,Nearctic,generalist,Viviparous,GenBank
200,Thamnophis_chrysocephalus,Thamnophis,Thamnophis,Semiaquatic,Semiaquatic,American,Neotropic, ,Viviparous,GenBank
201,Thamnophis_conanti,Thamnophis,Thamnophis,Semiaquatic,Semiaquatic,American,Nearctic, ,Viviparous,GenBank
202,Thamnophis_couchii,Thamnophis,Thamnophis,Aquatic,Aquatic,American,Nearctic,fish,Viviparous,GenBank
203,Thamnophis_cyrtopsis,Thamnophis,Thamnophis,Semiaquatic,Semiaquatic,American,Neotropic,generalist,Viviparous,GenBank
204,Thamnophis_elegans,Thamnophis,Thamnophis,Semiaquatic,Semiaquatic,American,Nearctic+Neotropic,generalist,Viviparous,GenBank
205,Thamnophis_eques,Thamnophis,Thamnophis,Semiaquatic,Semiaquatic,American,Neotropic,generalist,Viviparous,GenBank
206,Thamnophis_errans,Thamnophis,Thamnophis,Terrestrial,Terrestrial,American,Nearctic, ,Viviparous,GenBank
207,Thamnophis_exsul_1,Thamnophis,Thamnophis,Terrestrial,Terrestrial,American,Neotropic, ,Viviparous,GenBank
208,Thamnophis_exsul_2,Thamnophis,Thamnophis,Terrestrial,Terrestrial,American,Neotropic, ,Viviparous,Current study
209,Thamnophis_fulvus,Thamnophis,Thamnophis,Semiaquatic,Semiaquatic,American,Neotropic,anurans,Viviparous,GenBank
210,Thamnophis_gigas,Thamnophis,Thamnophis,Aquatic,Aquatic,American,Nearctic,generalist,Viviparous,GenBank
211,Thamnophis_godmani,Thamnophis,Thamnophis,Semiaquatic,Semiaquatic,American,Neotropic, ,Viviparous,GenBank
212,Thamnophis_hammondii,Thamnophis,Thamnophis,Semiaquatic,Semiaquatic,American,Nearctic,aquatic generalist,Viviparous,GenBank
213,Thamnophis_lineri,Thamnophis,Thamnophis,Semiaquatic,Semiaquatic,American,Neotropic, ,Viviparous,GenBank
214,Thamnophis_marcianus,Thamnophis,Thamnophis,Semiaquatic,Semiaquatic,American,Nearctic+Neotropic,generalist,Viviparous,GenBank
215,Thamnophis_melanogaster,Thamnophis,Thamnophis,Semiaquatic,Semiaquatic,American,Neotropic,generalist,Viviparous,GenBank
216,Thamnophis_mendax,Thamnophis,Thamnophis,Terrestrial,Terrestrial,American,Nearctic,anurans,Viviparous,GenBank
217,Thamnophis_nigronuchalis,Thamnophis,Thamnophis,Semiaquatic,Semiaquatic,American,Neotropic,generalist,Viviparous,GenBank
218,Thamnophis_ordinoides,Thamnophis,Thamnophis,Terrestrial,Terrestrial,American,Nearctic,generalist,Viviparous,GenBank
219,Thamnophis_proximus,Thamnophis,Thamnophis,Semiaquatic,Semiaquatic,American,Nearctic,,Viviparous,GenBank
220,Thamnophis_pulchrilatus,Thamnophis,Thamnophis,Semiaquatic,Semiaquatic,American,Neotropic, ,Viviparous,GenBank
221,Thamnophis_radix,Thamnophis,Thamnophis,Aquatic,Aquatic,American,Nearctic,generalist,Viviparous,GenBank
222,Thamnophis_rufipunctatus,Thamnophis,Thamnophis,Aquatic,Aquatic,American,Nearctic+Neotropic,fish,Viviparous,GenBank
223,Thamnophis_sauritus,Thamnophis,Thamnophis,Semiaquatic,Semiaquatic,American,Nearctic,generalist,Viviparous,GenBank
224,Thamnophis_scalaris_1,Thamnophis,Thamnophis,Terrestrial,Terrestrial,American,Neotropic,generalist,Viviparous,GenBank
225,Thamnophis_scalaris_2,Thamnophis,Thamnophis,Terrestrial,Terrestrial,American,Neotropic,generalist,Viviparous,GenBank
226,Thamnophis_scaliger_1,Thamnophis,Thamnophis,Terrestrial,Terrestrial,American,Neotropic,generalist,Viviparous,GenBank
227,Thamnophis_scaliger_2,Thamnophis,Thamnophis,Terrestrial,Terrestrial,American,Neotropic,generalist,Viviparous,Current study
228,Thamnophis_sirtalis,Thamnophis,Thamnophis,Semiaquatic,Semiaquatic,American,Nearctic,generalist,Viviparous,GenBank
229,Thamnophis_sumichrasti,Thamnophis,Thamnophis,Aquatic,Aquatic,American,Neotropic,generalist,Viviparous,GenBank
230,Thamnophis_validus,Thamnophis,Thamnophis,Aquatic,Aquatic,American,Neotropic,aquatic generalist,Viviparous,GenBank
231,Trachischium_fuscum,Trachischium,Trachischium,Burrowing,Burrowing,Asian,Indomalayan,earthworms,Oviparous,Current study
232,Trachischium_guentheri,Trachischium,Trachischium,Burrowing,Burrowing,Asian,Indomalayan,earthworms,Oviparous,Current study
233,Trachischium_laeve,Trachischium,Trachischium,Burrowing,Burrowing,Asian,Indomalayan,earthworms,Oviparous,Current study
234,Trachischium_monticola_1,Trachischium,Trachischium,Burrowing,Burrowing,Asian,Indomalayan,earthworms,Oviparous,Current study
235,Trachischium_monticola_2,Trachischium,Trachischium,Burrowing,Burrowing,Asian,Indomalayan,earthworms,Oviparous,GenBank
236,Tropidoclonion_lineatum,Tropidoclonion,Tropidoclonion,Burrowing,Burrowing,American,Nearctic,earthworms,Viviparous,GenBank
237,Tropidonophis_aenigmaticus,Tropidonophis,Tropidonophis,Terrestrial,Terrestrial,Asian,Oceanian, ,Oviparous,Current study
238,Tropidonophis_dahlii,Tropidonophis,Tropidonophis,Terrestrial,Terrestrial,Asian,Oceanian, ,Oviparous,Current study
239,Tropidonophis_dolasii,Tropidonophis,Tropidonophis,Terrestrial,Terrestrial,Asian,Oceanian, ,Oviparous,Current study
240,Tropidonophis_doriae,Tropidonophis,Tropidonophis,Terrestrial,Terrestrial,Asian,Oceanian, ,Oviparous,Current study
241,Tropidonophis_mairii_mairii,Tropidonophis,Tropidonophis,Terrestrial,Terrestrial,Asian,Oceanian,anurans,Oviparous,Current study
242,Tropidonophis_multiscutellatus_1,Tropidonophis,Tropidonophis,Terrestrial,Terrestrial,Asian,Oceanian,anurans,Oviparous,Current study
243,Tropidonophis_multiscutellatus_2,Tropidonophis,Tropidonophis,Terrestrial,Terrestrial,Asian,Oceanian,anurans,Oviparous,Current study
244,Tropidonophis_multiscutellatus_3,Tropidonophis,Tropidonophis,Terrestrial,Terrestrial,Asian,Oceanian,anurans,Oviparous,Current study
245,Tropidonophis_picturatus,Tropidonophis,Tropidonophis,Terrestrial,Terrestrial,Asian,Oceanian, ,Oviparous,Current study
246,Tropidonophis_spilogaster,Tropidonophis,Tropidonophis,Terrestrial,Terrestrial,Asian,Malayan,anurans,Oviparous,Current study
247,Tropidonophis_statisticus_1,Tropidonophis,Tropidonophis,Terrestrial,Terrestrial,Asian,Oceanian, ,Oviparous,Current study
248,Tropidonophis_statisticus_2,Tropidonophis,Tropidonophis,Terrestrial,Terrestrial,Asian,Oceanian, ,Oviparous,Current study
249,Virginia_valeriae_1,Virginia,Virginia,Burrowing,Burrowing,American,Nearctic,earthworms,Viviparous,GenBank
250,Virginia_valeriae_2,Virginia,Virginia,Burrowing,Burrowing,American,Nearctic,earthworms,Viviparous,GenBank
251,Xenochrophis_bellula,Rhabdophis_B,Rhabdophis_B,Semiaquatic,Semiaquatic,Asian,Indomalayan,aquatic generalist,Oviparous,Current study
252,Xenochrophis_cerasogaster,Xenochrophis,Xenochrophis,Aquatic,Aquatic,Asian,India,aquatic generalist,Oviparous,Current study
253,Xenochrophis_maculatus,Rhabdophis_B,Rhabdophis_B,Semiaquatic,Semiaquatic,Asian,Malayan,aquatic generalist,Oviparous,Current study
254,Xenochrophis_trianguligerus_1,Rhabdophis_B,Rhabdophis_B,Aquatic,Aquatic,Asian,Indomalayan,generalist,Oviparous,Current study
255,Xenochrophis_trianguligerus_2,Rhabdophis_B,Rhabdophis_B,Aquatic,Aquatic,Asian,Malayan,generalist,Oviparous,GenBank
256,Xenochrophis_vittatus,Rhabdophis_B,Rhabdophis_B,Aquatic,Aquatic,Asian,Malayan,aquatic generalist,Oviparous,GenBank